<?xml version="1.0" encoding="UTF-8"?>
<translations>
    <token id="button_repeat">Volver a tomar</token>
    <token id="button_finish">Aceptar</token>
    <token id="button_skip">Omitir</token>
    <token id="button_ready">Listo</token>
    <token id="CaptureTipFront">&#10;</token>
    <token id="CaptureInfoFront">Enfoca tu cédula con la cámara&#10;y espera la captura.</token>
    <token id="CaptureTipBack">Coloca la parte de atrás&#10;de tu cédula dentro del&#10;recuadro</token>
    <token id="CaptureInfoBack">Coloca tu cédula en el&#10;recuadro y evita reflejos</token>
    <token id="CaptureSuccessFront">Documento escaneado&#10;con éxito</token>
    <token id="CaptureSuccessBack">Documento escaneado&#10;con éxito</token>
    <token id="CaptureError">Enfoca nuevamente&#10;el documento</token>
    <token id="CaptureErrorLight">No hay&#10;suficiente luz</token>
    <token id="Tutorial1">Busca un fondo con&#10;buen contraste para la&#10;captura del documento</token>
    <token id="Tutorial2">Controla que se vean bien&#10;las letras e imagen&#10;del documento</token>
    <token id="Tutorial3">Evita contraluces sobre el&#10;documento para poder captar&#10;mejor la información</token>
</translations>
