{
  "prepare_queue": {
    "installed": [],
    "uninstalled": []
  },
  "config_munge": {
    "files": {
      "app/src/main/AndroidManifest.xml": {
        "parents": {
          "/manifest/application": [
            {
              "xml": "<application android:networkSecurityConfig=\"@xml/network_security_config\" />",
              "count": 1,
              "mode": "merge",
              "id": "config.xml",
              "oldAttrib": {
                "android:hardwareAccelerated": "true",
                "android:icon": "@mipmap/ic_launcher",
                "android:label": "@string/app_name",
                "android:networkSecurityConfig": "@xml/network_security_config",
                "android:supportsRtl": "true"
              }
            }
          ]
        }
      },
      "config.xml": {
        "parents": {
          "/*": [
            {
              "xml": "<feature name=\"WidgetFacephi\"><param name=\"android-package\" value=\"facephi.plugin.widget.WidgetFacephi\" /><param name=\"onload\" value=\"true\" /></feature>",
              "count": 1
            },
            {
              "xml": "<feature name=\"WidgetSelphID\"><param name=\"android-package\" value=\"facephi.plugin.widget.WidgetSelphID\" /><param name=\"onload\" value=\"true\" /></feature>",
              "count": 1
            },
            {
              "xml": "<allow-navigation href=\"http://localhost/*\" />",
              "count": 1
            },
            {
              "xml": "<allow-navigation href=\"https://localhost/*\" />",
              "count": 1
            },
            {
              "xml": "<allow-navigation href=\"ionic://*\" />",
              "count": 1
            },
            {
              "xml": "<preference name=\"webView\" value=\"com.ionicframework.cordova.webview.IonicWebViewEngine\" />",
              "count": 1
            },
            {
              "xml": "<feature name=\"IonicWebView\"><param name=\"android-package\" value=\"com.ionicframework.cordova.webview.IonicWebView\" /></feature>",
              "count": 1
            },
            {
              "xml": "<feature name=\"CDVIonicKeyboard\"><param name=\"android-package\" onload=\"true\" value=\"io.ionic.keyboard.CDVIonicKeyboard\" /></feature>",
              "count": 1
            }
          ]
        }
      },
      "AndroidManifest.xml": {
        "parents": {
          "/*": [
            {
              "xml": "<uses-permission android:name=\"android.permission.CAMERA\" />",
              "count": 2
            },
            {
              "xml": "<uses-feature android:name=\"android.hardware.camera\" />",
              "count": 2
            },
            {
              "xml": "<uses-permission android:name=\"android.permission.WRITE_SETTINGS\" />",
              "count": 2
            }
          ],
          "/manifest/application": [
            {
              "xml": "<activity android:configChanges=\"orientation\" android:label=\"WidgetAndroid\" android:name=\"com.facephi.selphi.Widget\" android:screenOrientation=\"portrait\" />",
              "count": 1
            },
            {
              "xml": "<activity android:configChanges=\"orientation\" android:label=\"WidgetSelphID\" android:name=\"com.facephi.selphid.Widget\" android:screenOrientation=\"portrait\" />",
              "count": 1
            }
          ]
        }
      },
      "res/xml/config.xml": {
        "parents": {
          "/*": [
            {
              "xml": "<feature name=\"Whitelist\"><param name=\"android-package\" value=\"org.apache.cordova.whitelist.WhitelistPlugin\" /><param name=\"onload\" value=\"true\" /></feature>",
              "count": 1
            },
            {
              "xml": "<feature name=\"StatusBar\"><param name=\"android-package\" value=\"org.apache.cordova.statusbar.StatusBar\" /><param name=\"onload\" value=\"true\" /></feature>",
              "count": 1
            },
            {
              "xml": "<feature name=\"Device\"><param name=\"android-package\" value=\"org.apache.cordova.device.Device\" /></feature>",
              "count": 1
            },
            {
              "xml": "<feature name=\"SplashScreen\"><param name=\"android-package\" value=\"org.apache.cordova.splashscreen.SplashScreen\" /><param name=\"onload\" value=\"true\" /></feature>",
              "count": 1
            }
          ]
        }
      }
    }
  },
  "installed_plugins": {
    "facephi-core-plugin": {
      "PACKAGE_NAME": "io.ionic.starter"
    },
    "facephi-selphi-plugin": {
      "PACKAGE_NAME": "io.ionic.starter"
    },
    "selphid-plugin-widget": {
      "PACKAGE_NAME": "io.ionic.starter"
    },
    "cordova-plugin-whitelist": {
      "PACKAGE_NAME": "io.ionic.starter"
    },
    "cordova-plugin-statusbar": {
      "PACKAGE_NAME": "io.ionic.starter"
    },
    "cordova-plugin-device": {
      "PACKAGE_NAME": "io.ionic.starter"
    },
    "cordova-plugin-splashscreen": {
      "PACKAGE_NAME": "io.ionic.starter"
    },
    "cordova-plugin-ionic-webview": {
      "ANDROID_SUPPORT_ANNOTATIONS_VERSION": "27.+",
      "PACKAGE_NAME": "io.ionic.starter"
    },
    "cordova-plugin-ionic-keyboard": {
      "PACKAGE_NAME": "io.ionic.starter"
    }
  },
  "dependent_plugins": {},
  "modules": [
    {
      "id": "facephi-selphi-plugin.WidgetConfig",
      "file": "plugins/facephi-selphi-plugin/www/WidgetConfig.js",
      "pluginId": "facephi-selphi-plugin",
      "clobbers": [
        "facephi.widget.config"
      ]
    },
    {
      "id": "facephi-selphi-plugin.WidgetLivenessDiagnostic",
      "file": "plugins/facephi-selphi-plugin/www/WidgetLivenessDiagnostic.js",
      "pluginId": "facephi-selphi-plugin",
      "clobbers": [
        "facephi.widget.liveness"
      ]
    },
    {
      "id": "facephi-selphi-plugin.WidgetLivenessMode",
      "file": "plugins/facephi-selphi-plugin/www/WidgetLivenessMode.js",
      "pluginId": "facephi-selphi-plugin",
      "clobbers": [
        "facephi.widget.livenessmode"
      ]
    },
    {
      "id": "facephi-selphi-plugin.WidgetErrorType",
      "file": "plugins/facephi-selphi-plugin/www/WidgetErrorType.js",
      "pluginId": "facephi-selphi-plugin",
      "clobbers": [
        "facephi.widget.error"
      ]
    },
    {
      "id": "facephi-selphi-plugin.WidgetFinishStatus",
      "file": "plugins/facephi-selphi-plugin/www/WidgetFinishStatus.js",
      "pluginId": "facephi-selphi-plugin",
      "clobbers": [
        "facephi.widget.finish"
      ]
    },
    {
      "id": "facephi-selphi-plugin.WidgetMode",
      "file": "plugins/facephi-selphi-plugin/www/WidgetMode.js",
      "pluginId": "facephi-selphi-plugin",
      "clobbers": [
        "facephi.widget.mode"
      ]
    },
    {
      "id": "facephi-selphi-plugin.WidgetResult",
      "file": "plugins/facephi-selphi-plugin/www/WidgetResult.js",
      "pluginId": "facephi-selphi-plugin",
      "clobbers": [
        "facephi.widget.result"
      ]
    },
    {
      "id": "facephi-selphi-plugin.WidgetUtils",
      "file": "plugins/facephi-selphi-plugin/www/WidgetUtils.js",
      "pluginId": "facephi-selphi-plugin",
      "clobbers": [
        "facephi.widget.utils"
      ]
    },
    {
      "id": "facephi-selphi-plugin.WidgetFacephi",
      "file": "plugins/facephi-selphi-plugin/www/WidgetFacephi.js",
      "pluginId": "facephi-selphi-plugin",
      "clobbers": [
        "facephi.widget.universal"
      ]
    },
    {
      "id": "facephi-selphi-plugin.WidgetPassiveDiagnostic",
      "file": "plugins/facephi-selphi-plugin/www/WidgetPassiveDiagnostic.js",
      "pluginId": "facephi-selphi-plugin",
      "clobbers": [
        "facephi.widget.passivediagnostic"
      ]
    },
    {
      "id": "facephi-selphi-plugin.WidgetPassiveServerResult",
      "file": "plugins/facephi-selphi-plugin/www/WidgetPassiveServerResult.js",
      "pluginId": "facephi-selphi-plugin",
      "clobbers": [
        "facephi.widget.passiveserver"
      ]
    },
    {
      "id": "selphid-plugin-widget.WidgetSelphIDConfig",
      "file": "plugins/selphid-plugin-widget/www/WidgetSelphIDConfig.js",
      "pluginId": "selphid-plugin-widget",
      "clobbers": [
        "facephi.selphid.config"
      ]
    },
    {
      "id": "selphid-plugin-widget.WidgetSelphIDErrorType",
      "file": "plugins/selphid-plugin-widget/www/WidgetSelphIDErrorType.js",
      "pluginId": "selphid-plugin-widget",
      "clobbers": [
        "facephi.selphid.error"
      ]
    },
    {
      "id": "selphid-plugin-widget.WidgetSelphIDFinishStatus",
      "file": "plugins/selphid-plugin-widget/www/WidgetSelphIDFinishStatus.js",
      "pluginId": "selphid-plugin-widget",
      "clobbers": [
        "facephi.selphid.finish"
      ]
    },
    {
      "id": "selphid-plugin-widget.WidgetSelphIDOperation",
      "file": "plugins/selphid-plugin-widget/www/WidgetSelphIDOperation.js",
      "pluginId": "selphid-plugin-widget",
      "clobbers": [
        "facephi.selphid.operation"
      ]
    },
    {
      "id": "selphid-plugin-widget.WidgetSelphIDResult",
      "file": "plugins/selphid-plugin-widget/www/WidgetSelphIDResult.js",
      "pluginId": "selphid-plugin-widget",
      "clobbers": [
        "facephi.selphid.result"
      ]
    },
    {
      "id": "selphid-plugin-widget.WidgetSelphIDUtils",
      "file": "plugins/selphid-plugin-widget/www/WidgetSelphIDUtils.js",
      "pluginId": "selphid-plugin-widget",
      "clobbers": [
        "facephi.selphid.utils"
      ]
    },
    {
      "id": "selphid-plugin-widget.WidgetSelphIDFacephi",
      "file": "plugins/selphid-plugin-widget/www/WidgetSelphIDFacephi.js",
      "pluginId": "selphid-plugin-widget",
      "clobbers": [
        "facephi.selphid.universal"
      ]
    },
    {
      "id": "selphid-plugin-widget.WidgetSelphIDScanMode",
      "file": "plugins/selphid-plugin-widget/www/WidgetSelphIDScanMode.js",
      "pluginId": "selphid-plugin-widget",
      "clobbers": [
        "facephi.selphid.scanmode"
      ]
    },
    {
      "id": "selphid-plugin-widget.WidgetSelphIDDocumentType",
      "file": "plugins/selphid-plugin-widget/www/WidgetSelphIDDocumentType.js",
      "pluginId": "selphid-plugin-widget",
      "clobbers": [
        "facephi.selphid.doctype"
      ]
    },
    {
      "id": "cordova-plugin-statusbar.statusbar",
      "file": "plugins/cordova-plugin-statusbar/www/statusbar.js",
      "pluginId": "cordova-plugin-statusbar",
      "clobbers": [
        "window.StatusBar"
      ]
    },
    {
      "id": "cordova-plugin-device.device",
      "file": "plugins/cordova-plugin-device/www/device.js",
      "pluginId": "cordova-plugin-device",
      "clobbers": [
        "device"
      ]
    },
    {
      "id": "cordova-plugin-splashscreen.SplashScreen",
      "file": "plugins/cordova-plugin-splashscreen/www/splashscreen.js",
      "pluginId": "cordova-plugin-splashscreen",
      "clobbers": [
        "navigator.splashscreen"
      ]
    },
    {
      "id": "cordova-plugin-ionic-webview.IonicWebView",
      "file": "plugins/cordova-plugin-ionic-webview/src/www/util.js",
      "pluginId": "cordova-plugin-ionic-webview",
      "clobbers": [
        "Ionic.WebView"
      ]
    },
    {
      "id": "cordova-plugin-ionic-keyboard.keyboard",
      "file": "plugins/cordova-plugin-ionic-keyboard/www/android/keyboard.js",
      "pluginId": "cordova-plugin-ionic-keyboard",
      "clobbers": [
        "window.Keyboard"
      ]
    }
  ],
  "plugin_metadata": {
    "facephi-core-plugin": "1.0.3",
    "facephi-selphi-plugin": "1.0.3",
    "selphid-plugin-widget": "1.2.2",
    "cordova-plugin-whitelist": "1.3.4",
    "cordova-plugin-statusbar": "2.4.3",
    "cordova-plugin-device": "2.0.3",
    "cordova-plugin-splashscreen": "5.0.4",
    "cordova-plugin-ionic-webview": "4.2.1",
    "cordova-plugin-ionic-keyboard": "2.2.0"
  }
}
